ordinal_position,column_name,data_type,expected_column_status,summary_statistic
1,date_created,DATE,OK,Range: 2022-01-01 to 2022-03-31
2,contacts_n,STRING,OK,"Nulls: 182, Negatives: 0, Min: 1, Max: 599, Avg: 55.6"
3,contacts_n_1,STRING,OK,"Nulls: 458, Negatives: 0, Min: 0, Max: 138, Avg: 6.28"
4,contacts_n_2,STRING,OK,"Nulls: 529, Negatives: 0, Min: 0, Max: 108, Avg: 4.24"
5,contacts_n_3,STRING,OK,"Nulls: 572, Negatives: 0, Min: 0, Max: 21, Avg: 3.47"
6,contacts_n_4,STRING,OK,"Nulls: 611, Negatives: 0, Min: 0, Max: 27, Avg: 3.11"
7,contacts_n_5,STRING,OK,"Nulls: 631, Negatives: 0, Min: 0, Max: 24, Avg: 3.05"
8,contacts_n_6,STRING,OK,"Nulls: 634, Negatives: 0, Min: 0, Max: 20, Avg: 2.77"
9,contacts_n_7,STRING,OK,"Nulls: 617, Negatives: 0, Min: 0, Max: 28, Avg: 2.7"
10,problem_type,STRING,OK,5 distinct values
11,market,STRING,OK,3 distinct values
