date_created,contacts_n,contacts_n_1,contacts_n_2,contacts_n_3,contacts_n_4,contacts_n_5,contacts_n_6,contacts_n_7,problem_type,market
2022-02-03,58,20,2,1,4,6,1,1,type_5,market_3
2022-02-22,227,69,5,2,1,1,null,1,type_5,market_3
2022-03-04,181,44,16,10,6,6,2,6,type_5,market_3
2022-02-14,373,63,16,9,13,10,4,1,type_5,market_3
2022-02-15,158,17,15,15,6,2,9,4,type_5,market_3
2022-03-09,105,26,16,1,6,7,5,12,type_5,market_3
2022-02-12,131,43,7,5,6,8,13,3,type_5,market_3
2022-02-10,182,22,6,3,5,null,2,9,type_5,market_3
2022-03-14,153,27,15,9,5,null,2,2,type_5,market_3
2022-03-08,94,19,25,15,2,3,8,2,type_5,market_3
2022-03-16,186,33,20,6,4,4,7,8,type_5,market_3
2022-03-02,87,28,20,9,3,24,3,null,type_5,market_3
2022-02-17,285,138,12,null,2,7,3,3,type_5,market_3
2022-02-13,189,60,24,10,5,5,7,1,type_5,market_3
2022-01-04,7,0,4,0,0,0,0,0,type_1,market_3
2022-01-02,11,0,0,0,0,0,0,1,type_1,market_3
2022-01-03,15,0,0,2,1,0,0,0,type_1,market_3
2022-03-10,6,0,1,1,0,0,0,0,type_1,market_3
2022-01-01,2,0,1,0,0,1,0,0,type_1,market_3
2022-03-22,5,0,0,0,0,0,0,1,type_1,market_3
2022-01-10,4,0,0,1,1,0,1,0,type_1,market_3
2022-01-09,4,0,1,0,1,1,0,0,type_1,market_3
2022-01-07,13,0,0,1,0,1,1,1,type_1,market_3
2022-01-21,6,0,0,0,0,0,0,1,type_1,market_3
2022-01-08,5,0,0,0,1,1,1,0,type_1,market_3
2022-03-15,10,0,0,0,0,0,0,0,type_1,market_3
2022-03-06,3,0,0,0,1,0,0,0,type_1,market_3
2022-03-05,4,0,1,0,0,0,0,0,type_1,market_3
2022-03-21,4,0,0,0,0,1,0,0,type_1,market_3
2022-01-17,9,0,0,0,0,0,0,0,type_1,market_3
2022-01-16,5,0,0,0,0,0,0,0,type_1,market_3
2022-01-20,5,0,0,0,0,0,0,0,type_1,market_3
2022-03-13,4,0,0,0,0,0,0,0,type_1,market_3
2022-03-14,5,0,1,0,0,0,0,1,type_1,market_3
2022-01-14,11,0,0,0,0,0,0,0,type_1,market_3
2022-03-18,3,0,0,0,1,0,0,0,type_1,market_3
2022-02-23,8,0,6,3,5,12,1,3,type_1,market_3
2022-03-08,6,0,1,1,1,0,0,1,type_1,market_3
2022-01-15,2,0,0,0,0,0,1,0,type_1,market_3
2022-03-29,7,1,6,4,0,0,0,0,type_1,market_3
2022-01-18,3,1,1,0,0,0,0,0,type_1,market_3
2022-01-06,26,1,0,1,1,2,0,1,type_1,market_3
2022-02-06,2,1,5,5,7,3,4,10,type_1,market_3
2022-03-20,6,1,0,0,0,0,0,0,type_1,market_3
2022-03-28,12,1,3,6,4,0,0,0,type_1,market_3
2022-01-19,3,1,0,1,0,0,0,0,type_1,market_3
2022-01-12,11,1,2,0,1,0,0,0,type_1,market_3
2022-03-17,4,1,0,0,0,0,0,1,type_1,market_3
2022-03-19,null,1,0,0,0,0,0,0,type_1,market_3
2022-02-09,27,1,2,null,3,1,null,null,type_2,market_3
2022-01-03,46,1,3,2,null,null,null,null,type_2,market_3
2022-02-14,40,1,1,1,2,1,null,1,type_2,market_3
2022-01-15,20,1,null,null,2,1,null,null,type_2,market_3
2022-03-01,42,1,2,2,2,null,1,null,type_2,market_3
2022-01-18,30,1,6,null,null,null,null,null,type_2,market_3
2022-03-26,13,1,2,2,null,1,null,null,type_2,market_3
2022-02-15,22,1,null,null,null,2,null,2,type_2,market_3
2022-03-10,25,1,1,null,1,3,null,null,type_2,market_3
2022-01-12,50,1,1,2,null,null,null,1,type_2,market_3
2022-03-21,29,1,null,1,1,null,1,null,type_2,market_3
2022-01-05,32,1,null,1,null,null,null,null,type_2,market_3
2022-03-20,15,1,null,1,null,null,null,null,type_2,market_3
2022-03-23,28,1,null,1,1,3,null,2,type_2,market_3
2022-02-27,21,1,1,null,1,null,null,1,type_2,market_3
2022-01-10,21,1,null,null,null,null,1,1,type_2,market_3
2022-01-31,29,1,1,1,1,1,1,1,type_2,market_3
2022-01-04,28,1,null,null,null,null,1,2,type_2,market_3
2022-03-04,24,1,1,2,null,null,2,2,type_2,market_3
2022-02-20,27,1,null,1,1,null,1,null,type_2,market_3
2022-02-18,27,1,1,3,2,null,2,null,type_2,market_3
2022-02-22,41,1,1,null,1,1,1,null,type_2,market_3
2022-03-23,18,1,4,1,1,1,2,2,type_3,market_3
2022-02-05,7,1,null,null,1,null,null,null,type_3,market_3
2022-03-02,16,1,1,2,null,1,null,3,type_3,market_3
2022-03-18,14,1,null,3,null,null,2,null,type_3,market_3
2022-02-24,11,1,1,null,2,3,null,1,type_3,market_3
2022-02-19,7,1,3,3,4,1,null,null,type_3,market_3
2022-02-01,10,1,2,null,null,null,1,null,type_3,market_3
2022-01-05,25,1,2,null,null,1,1,1,type_3,market_3
2022-01-26,12,1,null,null,null,null,null,null,type_3,market_3
2022-01-06,14,1,1,null,1,null,2,3,type_3,market_3
2022-02-03,12,1,null,null,null,1,null,null,type_3,market_3
2022-01-09,2,1,null,2,null,1,null,null,type_3,market_3
2022-02-23,14,1,null,null,null,null,null,2,type_3,market_3
2022-01-16,7,1,null,null,null,null,null,null,type_3,market_3
2022-02-10,8,1,null,null,3,1,3,1,type_3,market_3
2022-03-03,10,1,null,1,1,1,1,4,type_3,market_3
2022-03-21,12,1,null,1,1,1,null,null,type_3,market_3
2022-01-24,12,1,1,2,2,1,1,2,type_3,market_3
2022-03-26,10,1,3,1,2,2,1,2,type_3,market_3
2022-03-31,22,1,1,null,1,null,null,1,type_3,market_3
2022-01-10,12,1,4,4,1,1,1,null,type_3,market_3
2022-02-17,5,1,null,null,null,1,null,null,type_4,market_3
2022-01-12,null,1,null,null,null,null,null,null,type_4,market_3
2022-01-24,null,1,null,null,null,null,null,null,type_4,market_3
2022-02-05,null,1,null,null,null,null,null,null,type_4,market_3
2022-01-09,null,1,null,null,null,null,null,null,type_4,market_3
2022-02-13,1,1,null,null,null,1,null,null,type_4,market_3
2022-02-22,2,1,null,null,null,null,null,1,type_4,market_3
2022-03-29,null,1,null,null,null,null,null,null,type_4,market_3